#"Time (ps)","Potential Energy (kJ/mole)","Temperature (K)"
2.0000000000000013,-51022.8961673835,286.72644752459706
3.999999999999781,-48252.670262807515,338.68757131876436
